<?xml version="1.0" encoding="UTF-8"?><font><info face="04b30" size="72" bold="0" italic="0" charset="" unicode="1" stretchH="100" smooth="1" aa="1" padding="1,1,1,1" spacing="1,1"/><common lineHeight="72" base="64" scaleW="559" scaleH="559" pages="1" packed="0"/><pages><page id="0" file="Unnamed.png"/></pages><chars count="91"><char id="32" x="0" y="0" width="0" height="0" xoffset="0" yoffset="0" xadvance="60" page="0" chnl="15"/><!--   --><char id="33" x="508" y="128" width="34" height="63" xoffset="-2" yoffset="3" xadvance="39" page="0" chnl="15"/><!-- ! --><char id="34" x="354" y="504" width="55" height="34" xoffset="-2" yoffset="7" xadvance="60" page="0" chnl="15"/><!-- " --><char id="35" x="35" y="328" width="63" height="63" xoffset="-2" yoffset="3" xadvance="68" page="0" chnl="15"/><!-- # --><char id="36" x="261" y="254" width="0" height="0" xoffset="0" yoffset="0" xadvance="60" page="0" chnl="15"/><!-- $ --><char id="37" x="192" y="256" width="63" height="63" xoffset="-2" yoffset="3" xadvance="68" page="0" chnl="15"/><!-- % --><char id="38" x="126" y="112" width="0" height="0" xoffset="0" yoffset="0" xadvance="60" page="0" chnl="15"/><!-- & --><char id="39" x="531" y="392" width="25" height="34" xoffset="-2" yoffset="7" xadvance="30" page="0" chnl="15"/><!-- ' --><char id="40" x="320" y="256" width="38" height="63" xoffset="-2" yoffset="3" xadvance="43" page="0" chnl="15"/><!-- ( --><char id="41" x="359" y="256" width="38" height="63" xoffset="-2" yoffset="3" xadvance="43" page="0" chnl="15"/><!-- ) --><char id="42" x="410" y="504" width="34" height="33" xoffset="-2" yoffset="3" xadvance="39" page="0" chnl="15"/><!-- * --><char id="43" x="398" y="256" width="63" height="63" xoffset="-2" yoffset="3" xadvance="68" page="0" chnl="15"/><!-- + --><char id="44" x="445" y="504" width="25" height="33" xoffset="-2" yoffset="37" xadvance="30" page="0" chnl="15"/><!-- , --><char id="45" x="340" y="448" width="56" height="25" xoffset="-2" yoffset="24" xadvance="60" page="0" chnl="15"/><!-- - --><char id="46" x="397" y="448" width="25" height="25" xoffset="-2" yoffset="37" xadvance="30" page="0" chnl="15"/><!-- . --><char id="47" x="462" y="256" width="63" height="63" xoffset="-2" yoffset="3" xadvance="68" page="0" chnl="15"/><!-- / --><char id="48" x="64" y="0" width="63" height="63" xoffset="-2" yoffset="3" xadvance="68" page="0" chnl="15"/><!-- 0 --><char id="49" x="128" y="0" width="42" height="63" xoffset="-2" yoffset="3" xadvance="47" page="0" chnl="15"/><!-- 1 --><char id="50" x="171" y="0" width="63" height="63" xoffset="-2" yoffset="3" xadvance="68" page="0" chnl="15"/><!-- 2 --><char id="51" x="235" y="0" width="63" height="63" xoffset="-2" yoffset="3" xadvance="68" page="0" chnl="15"/><!-- 3 --><char id="52" x="299" y="0" width="63" height="63" xoffset="-2" yoffset="3" xadvance="68" page="0" chnl="15"/><!-- 4 --><char id="53" x="363" y="0" width="63" height="63" xoffset="-2" yoffset="3" xadvance="68" page="0" chnl="15"/><!-- 5 --><char id="54" x="427" y="0" width="63" height="63" xoffset="-2" yoffset="3" xadvance="68" page="0" chnl="15"/><!-- 6 --><char id="55" x="0" y="72" width="63" height="63" xoffset="-2" yoffset="3" xadvance="68" page="0" chnl="15"/><!-- 7 --><char id="56" x="64" y="64" width="63" height="63" xoffset="-2" yoffset="3" xadvance="68" page="0" chnl="15"/><!-- 8 --><char id="57" x="128" y="64" width="63" height="63" xoffset="-2" yoffset="3" xadvance="68" page="0" chnl="15"/><!-- 9 --><char id="58" x="505" y="392" width="25" height="55" xoffset="-2" yoffset="7" xadvance="30" page="0" chnl="15"/><!-- : --><char id="59" x="518" y="192" width="25" height="63" xoffset="-2" yoffset="7" xadvance="30" page="0" chnl="15"/><!-- ; --><char id="61" x="284" y="448" width="55" height="55" xoffset="-2" yoffset="7" xadvance="60" page="0" chnl="15"/><!-- = --><char id="63" x="256" y="256" width="63" height="63" xoffset="-2" yoffset="3" xadvance="68" page="0" chnl="15"/><!-- ? --><char id="64" x="0" y="55" width="0" height="0" xoffset="0" yoffset="0" xadvance="60" page="0" chnl="15"/><!-- @ --><char id="65" x="248" y="64" width="63" height="63" xoffset="-2" yoffset="3" xadvance="68" page="0" chnl="15"/><!-- A --><char id="66" x="312" y="64" width="63" height="63" xoffset="-2" yoffset="3" xadvance="68" page="0" chnl="15"/><!-- B --><char id="67" x="376" y="64" width="63" height="63" xoffset="-2" yoffset="3" xadvance="68" page="0" chnl="15"/><!-- C --><char id="68" x="440" y="64" width="63" height="63" xoffset="-2" yoffset="3" xadvance="68" page="0" chnl="15"/><!-- D --><char id="69" x="0" y="136" width="63" height="63" xoffset="-2" yoffset="3" xadvance="68" page="0" chnl="15"/><!-- E --><char id="70" x="64" y="128" width="63" height="63" xoffset="-2" yoffset="3" xadvance="68" page="0" chnl="15"/><!-- F --><char id="71" x="128" y="128" width="63" height="63" xoffset="-2" yoffset="3" xadvance="68" page="0" chnl="15"/><!-- G --><char id="72" x="192" y="128" width="63" height="63" xoffset="-2" yoffset="3" xadvance="68" page="0" chnl="15"/><!-- H --><char id="73" x="504" y="64" width="34" height="63" xoffset="-2" yoffset="3" xadvance="39" page="0" chnl="15"/><!-- I --><char id="74" x="256" y="128" width="63" height="63" xoffset="-2" yoffset="3" xadvance="68" page="0" chnl="15"/><!-- J --><char id="75" x="320" y="128" width="63" height="63" xoffset="-2" yoffset="3" xadvance="68" page="0" chnl="15"/><!-- K --><char id="76" x="384" y="128" width="59" height="63" xoffset="-2" yoffset="3" xadvance="64" page="0" chnl="15"/><!-- L --><char id="77" x="491" y="0" width="68" height="63" xoffset="-2" yoffset="3" xadvance="72" page="0" chnl="15"/><!-- M --><char id="78" x="444" y="128" width="63" height="63" xoffset="-2" yoffset="3" xadvance="68" page="0" chnl="15"/><!-- N --><char id="79" x="0" y="200" width="63" height="63" xoffset="-2" yoffset="3" xadvance="68" page="0" chnl="15"/><!-- O --><char id="80" x="64" y="192" width="64" height="63" xoffset="-2" yoffset="3" xadvance="68" page="0" chnl="15"/><!-- P --><char id="81" x="0" y="0" width="63" height="71" xoffset="-2" yoffset="3" xadvance="68" page="0" chnl="15"/><!-- Q --><char id="82" x="129" y="192" width="63" height="63" xoffset="-2" yoffset="3" xadvance="68" page="0" chnl="15"/><!-- R --><char id="83" x="193" y="192" width="63" height="63" xoffset="-2" yoffset="3" xadvance="68" page="0" chnl="15"/><!-- S --><char id="84" x="257" y="192" width="63" height="63" xoffset="-2" yoffset="3" xadvance="68" page="0" chnl="15"/><!-- T --><char id="85" x="321" y="192" width="63" height="63" xoffset="-2" yoffset="3" xadvance="68" page="0" chnl="15"/><!-- U --><char id="86" x="385" y="192" width="63" height="63" xoffset="-2" yoffset="3" xadvance="68" page="0" chnl="15"/><!-- V --><char id="87" x="449" y="192" width="68" height="63" xoffset="-2" yoffset="3" xadvance="72" page="0" chnl="15"/><!-- W --><char id="88" x="0" y="264" width="63" height="63" xoffset="-2" yoffset="3" xadvance="68" page="0" chnl="15"/><!-- X --><char id="89" x="64" y="256" width="63" height="63" xoffset="-2" yoffset="3" xadvance="68" page="0" chnl="15"/><!-- Y --><char id="90" x="128" y="256" width="63" height="63" xoffset="-2" yoffset="3" xadvance="68" page="0" chnl="15"/><!-- Z --><char id="91" x="185" y="328" width="34" height="63" xoffset="-2" yoffset="3" xadvance="39" page="0" chnl="15"/><!-- [ --><char id="93" x="220" y="328" width="34" height="63" xoffset="-2" yoffset="3" xadvance="39" page="0" chnl="15"/><!-- ] --><char id="94" x="423" y="448" width="39" height="25" xoffset="-2" yoffset="7" xadvance="43" page="0" chnl="15"/><!-- ^ --><char id="95" x="471" y="504" width="63" height="25" xoffset="-2" yoffset="41" xadvance="68" page="0" chnl="15"/><!-- _ --><char id="97" x="255" y="328" width="55" height="55" xoffset="-2" yoffset="11" xadvance="60" page="0" chnl="15"/><!-- a --><char id="98" x="311" y="328" width="55" height="55" xoffset="-2" yoffset="11" xadvance="60" page="0" chnl="15"/><!-- b --><char id="99" x="367" y="328" width="55" height="55" xoffset="-2" yoffset="11" xadvance="60" page="0" chnl="15"/><!-- c --><char id="100" x="423" y="328" width="55" height="55" xoffset="-2" yoffset="11" xadvance="60" page="0" chnl="15"/><!-- d --><char id="101" x="479" y="328" width="55" height="55" xoffset="-2" yoffset="11" xadvance="60" page="0" chnl="15"/><!-- e --><char id="102" x="0" y="392" width="55" height="55" xoffset="-2" yoffset="11" xadvance="60" page="0" chnl="15"/><!-- f --><char id="103" x="56" y="392" width="55" height="55" xoffset="-2" yoffset="11" xadvance="60" page="0" chnl="15"/><!-- g --><char id="104" x="112" y="392" width="56" height="55" xoffset="-2" yoffset="11" xadvance="60" page="0" chnl="15"/><!-- h --><char id="105" x="526" y="256" width="29" height="55" xoffset="-2" yoffset="11" xadvance="34" page="0" chnl="15"/><!-- i --><char id="106" x="169" y="392" width="55" height="55" xoffset="-2" yoffset="11" xadvance="60" page="0" chnl="15"/><!-- j --><char id="107" x="225" y="392" width="55" height="55" xoffset="-2" yoffset="11" xadvance="60" page="0" chnl="15"/><!-- k --><char id="108" x="281" y="392" width="51" height="55" xoffset="-2" yoffset="11" xadvance="56" page="0" chnl="15"/><!-- l --><char id="109" x="333" y="392" width="59" height="55" xoffset="-2" yoffset="11" xadvance="64" page="0" chnl="15"/><!-- m --><char id="110" x="393" y="392" width="55" height="55" xoffset="-2" yoffset="11" xadvance="60" page="0" chnl="15"/><!-- n --><char id="111" x="449" y="392" width="55" height="55" xoffset="-2" yoffset="11" xadvance="60" page="0" chnl="15"/><!-- o --><char id="112" x="0" y="448" width="55" height="55" xoffset="-2" yoffset="11" xadvance="60" page="0" chnl="15"/><!-- p --><char id="113" x="192" y="64" width="55" height="63" xoffset="-2" yoffset="11" xadvance="60" page="0" chnl="15"/><!-- q --><char id="114" x="0" y="504" width="55" height="55" xoffset="-2" yoffset="11" xadvance="60" page="0" chnl="15"/><!-- r --><char id="115" x="56" y="448" width="55" height="55" xoffset="-2" yoffset="11" xadvance="60" page="0" chnl="15"/><!-- s --><char id="116" x="56" y="504" width="55" height="55" xoffset="-2" yoffset="11" xadvance="60" page="0" chnl="15"/><!-- t --><char id="117" x="112" y="448" width="55" height="55" xoffset="-2" yoffset="11" xadvance="60" page="0" chnl="15"/><!-- u --><char id="118" x="112" y="504" width="55" height="55" xoffset="-2" yoffset="11" xadvance="60" page="0" chnl="15"/><!-- v --><char id="119" x="168" y="448" width="59" height="55" xoffset="-2" yoffset="11" xadvance="64" page="0" chnl="15"/><!-- w --><char id="120" x="168" y="504" width="56" height="55" xoffset="-2" yoffset="11" xadvance="60" page="0" chnl="15"/><!-- x --><char id="121" x="228" y="448" width="55" height="55" xoffset="-2" yoffset="11" xadvance="60" page="0" chnl="15"/><!-- y --><char id="122" x="225" y="504" width="56" height="55" xoffset="-2" yoffset="11" xadvance="60" page="0" chnl="15"/><!-- z --><char id="123" x="99" y="328" width="42" height="63" xoffset="-2" yoffset="3" xadvance="47" page="0" chnl="15"/><!-- { --><char id="124" x="0" y="328" width="34" height="63" xoffset="-2" yoffset="3" xadvance="39" page="0" chnl="15"/><!-- | --><char id="125" x="142" y="328" width="42" height="63" xoffset="-2" yoffset="3" xadvance="47" page="0" chnl="15"/><!-- } --><char id="8470" x="282" y="504" width="71" height="53" xoffset="-2" yoffset="14" xadvance="69" page="0" chnl="15"/><!-- № --></chars></font>